loan_id,customer_id,product_type,plafond,tenor_months,interest_rate,disbursed_at,status,dpd,is_default,outstanding,updated_at
LOAN0002048,CUST003674,Tunaiku KTA,5000000,6,22.48,2025-06-19,LUNAS,65,1,0,2026-06-01 09:00:00
LOAN0002682,CUST000655,Tunaiku KTA,10000000,6,18.23,2024-11-16,LUNAS,95,1,0,2026-06-01 09:00:00
LOAN0007536,CUST001600,Tunaiku Mikro,5000000,18,14.34,2024-07-14,LUNAS,0,0,0,2026-06-01 09:00:00
LOAN0000974,CUST002328,Tunaiku Mikro,2000000,12,25.79,2024-04-17,LUNAS,0,0,0,2026-06-01 09:00:00
LOAN0002092,CUST001862,SMB Modal Usaha,10000000,36,12.23,2025-05-29,LUNAS,0,0,0,2026-06-01 09:00:00
LOAN0000782,CUST003133,Tunaiku KTA,25000000,36,24.58,2023-07-28,LUNAS,0,0,0,2026-06-01 09:00:00
LOAN0004716,CUST004467,Tunaiku KTA,2000000,12,33.08,2023-12-01,LUNAS,0,0,0,2026-06-01 09:00:00
LOAN0000896,CUST004362,Tunaiku Mikro,5000000,3,31.01,2022-09-13,LUNAS,35,1,0,2026-06-01 09:00:00
LOAN0001268,CUST000199,Tunaiku Mikro,2000000,3,34.04,2024-09-15,LUNAS,95,1,0,2026-06-01 09:00:00
LOAN0000318,CUST000739,Tunaiku KTA,10000000,18,16.21,2022-02-04,LUNAS,0,0,0,2026-06-01 09:00:00
LOAN0006508,CUST001759,Tunaiku KTA,2000000,12,24.46,2024-11-14,LUNAS,65,1,0,2026-06-01 09:00:00
LOAN0007978,CUST004975,Tunaiku Mikro,100000000,18,26.93,2023-03-22,LUNAS,0,0,0,2026-06-01 09:00:00
LOAN0007682,CUST001874,Tunaiku Mikro,5000000,12,24.5,2025-06-01,LUNAS,35,1,0,2026-06-01 09:00:00
LOAN0002768,CUST000040,Tunaiku KTA,5000000,12,29.15,2023-03-02,LUNAS,95,1,0,2026-06-01 09:00:00
LOAN0001512,CUST003427,SMB Modal Usaha,5000000,24,34.56,2023-10-25,LUNAS,0,0,0,2026-06-01 09:00:00
LOAN0001582,CUST002441,SMB Modal Usaha,10000000,3,32.14,2024-04-17,LUNAS,0,0,0,2026-06-01 09:00:00
LOAN0007353,CUST001043,Tunaiku KTA,5000000,24,17.97,2023-05-01,LUNAS,0,0,0,2026-06-01 09:00:00
LOAN0003475,CUST000463,Tunaiku KTA,2000000,6,21.1,2024-07-31,LUNAS,0,0,0,2026-06-01 09:00:00
LOAN0004879,CUST004011,Tunaiku Mikro,10000000,3,14.4,2022-02-28,LUNAS,0,0,0,2026-06-01 09:00:00
LOAN0003294,CUST002281,Tunaiku Mikro,5000000,36,29.72,2025-06-10,LUNAS,0,0,0,2026-06-01 09:00:00
LOAN0000026,CUST004416,Tunaiku Mikro,10000000,36,23.48,2025-03-01,LUNAS,0,0,0,2026-06-01 09:00:00
LOAN0001911,CUST004800,Tunaiku KTA,100000000,18,29.67,2025-04-25,LUNAS,0,0,0,2026-06-01 09:00:00
LOAN0000094,CUST001796,Tunaiku KTA,10000000,6,18.61,2025-06-22,LUNAS,35,1,0,2026-06-01 09:00:00
LOAN0001668,CUST004328,Tunaiku Mikro,25000000,3,26.69,2022-11-17,LUNAS,0,0,0,2026-06-01 09:00:00
LOAN0004732,CUST000889,Tunaiku KTA,10000000,12,14.13,2023-06-01,LUNAS,65,1,0,2026-06-01 09:00:00
LOAN0000844,CUST003730,SMB Invoice Financing,50000000,36,32.07,2024-05-08,LUNAS,0,0,0,2026-06-01 09:00:00
LOAN0005444,CUST003087,SMB Invoice Financing,5000000,3,31.06,2023-10-04,LUNAS,0,0,0,2026-06-01 09:00:00
LOAN0000723,CUST000721,SMB Invoice Financing,25000000,3,18.3,2025-09-11,LUNAS,0,0,0,2026-06-01 09:00:00
LOAN0004770,CUST001612,Tunaiku KTA,2000000,3,32.45,2022-11-16,LUNAS,0,0,0,2026-06-01 09:00:00
LOAN0005516,CUST002252,Tunaiku KTA,2000000,36,33.41,2023-10-25,LUNAS,0,0,0,2026-06-01 09:00:00
LOAN0001092,CUST002489,Tunaiku KTA,5000000,24,27.85,2023-11-17,LUNAS,0,0,0,2026-06-01 09:00:00
LOAN0005344,CUST002606,Tunaiku KTA,25000000,18,28.98,2024-02-05,LUNAS,0,0,0,2026-06-01 09:00:00
LOAN0002175,CUST001528,Tunaiku KTA,10000000,24,15.5,2024-01-07,LUNAS,0,0,0,2026-06-01 09:00:00
LOAN0005567,CUST002262,SMB Modal Usaha,5000000,3,30.04,2025-08-19,LUNAS,0,0,0,2026-06-01 09:00:00
LOAN0002435,CUST001405,Tunaiku KTA,5000000,6,23.06,2023-11-01,LUNAS,120,1,0,2026-06-01 09:00:00
LOAN0000983,CUST002176,Tunaiku Mikro,5000000,6,21.84,2024-10-02,LUNAS,0,0,0,2026-06-01 09:00:00
LOAN0005548,CUST001863,Tunaiku KTA,100000000,12,27.52,2023-03-16,LUNAS,0,0,0,2026-06-01 09:00:00
LOAN0000485,CUST004598,Tunaiku Mikro,5000000,12,28.99,2023-08-23,LUNAS,0,0,0,2026-06-01 09:00:00
LOAN0006480,CUST000186,SMB Modal Usaha,25000000,3,18.48,2023-11-27,LUNAS,0,0,0,2026-06-01 09:00:00
LOAN0000104,CUST003396,Tunaiku Mikro,10000000,6,12.66,2025-05-11,LUNAS,0,0,0,2026-06-01 09:00:00
LOAN0004137,CUST003011,Tunaiku KTA,2000000,24,35.24,2023-02-15,LUNAS,0,0,0,2026-06-01 09:00:00
LOAN0002813,CUST000604,Tunaiku KTA,50000000,3,16.38,2025-08-18,LUNAS,35,1,0,2026-06-01 09:00:00
LOAN0006340,CUST000959,SMB Modal Usaha,50000000,6,33.52,2024-03-24,LUNAS,120,1,0,2026-06-01 09:00:00
LOAN0000257,CUST003322,Tunaiku KTA,50000000,6,14.3,2022-11-08,LUNAS,0,0,0,2026-06-01 09:00:00
LOAN0004153,CUST003333,Tunaiku KTA,5000000,3,20.11,2022-06-18,LUNAS,65,1,0,2026-06-01 09:00:00
LOAN0007705,CUST003786,Tunaiku Mikro,2000000,3,24.63,2024-01-03,LUNAS,0,0,0,2026-06-01 09:00:00
LOAN0004408,CUST002169,SMB Modal Usaha,10000000,24,25.03,2022-07-08,LUNAS,0,0,0,2026-06-01 09:00:00
LOAN0007437,CUST001472,Tunaiku Mikro,5000000,12,18.78,2023-06-22,LUNAS,0,0,0,2026-06-01 09:00:00
LOAN0005861,CUST000260,SMB Modal Usaha,10000000,24,32.66,2025-04-24,LUNAS,35,1,0,2026-06-01 09:00:00
LOAN0005298,CUST004559,Tunaiku Mikro,5000000,6,25.22,2025-09-03,LUNAS,0,0,0,2026-06-01 09:00:00
LOAN0005022,CUST002122,SMB Modal Usaha,50000000,3,15.16,2024-09-28,LUNAS,35,1,0,2026-06-01 09:00:00
LOAN0005277,CUST001547,Tunaiku Mikro,10000000,12,27.15,2024-10-28,LUNAS,0,0,0,2026-06-01 09:00:00
LOAN0005632,CUST001104,Tunaiku KTA,25000000,6,12.64,2024-12-13,LUNAS,0,0,0,2026-06-01 09:00:00
LOAN0004923,CUST004282,Tunaiku KTA,2000000,18,24.09,2022-02-12,LUNAS,0,0,0,2026-06-01 09:00:00
LOAN0001543,CUST004752,Tunaiku Mikro,50000000,12,19.92,2022-07-24,LUNAS,65,1,0,2026-06-01 09:00:00
LOAN0002267,CUST003049,SMB Invoice Financing,10000000,3,29.77,2024-04-26,LUNAS,0,0,0,2026-06-01 09:00:00
LOAN0001824,CUST004373,Tunaiku Mikro,50000000,6,22.93,2026-01-11,LUNAS,0,0,0,2026-06-01 09:00:00
LOAN0004069,CUST004326,Tunaiku Mikro,2000000,3,21.82,2022-04-06,LUNAS,0,0,0,2026-06-01 09:00:00
LOAN0003699,CUST002766,Tunaiku KTA,10000000,6,30.99,2022-12-13,LUNAS,0,0,0,2026-06-01 09:00:00
LOAN0002879,CUST001320,SMB Invoice Financing,2000000,3,17.35,2022-04-03,LUNAS,0,0,0,2026-06-01 09:00:00
LOAN0003081,CUST001851,Tunaiku KTA,25000000,24,18.91,2024-05-11,LUNAS,0,0,0,2026-06-01 09:00:00
LOAN0003113,CUST000297,Tunaiku Mikro,5000000,3,35.53,2025-01-07,LUNAS,0,0,0,2026-06-01 09:00:00
LOAN0006192,CUST001371,Tunaiku Mikro,2000000,24,32.55,2022-12-04,LUNAS,0,0,0,2026-06-01 09:00:00
LOAN0002373,CUST001986,SMB Invoice Financing,2000000,24,30.65,2023-03-12,LUNAS,35,1,0,2026-06-01 09:00:00
LOAN0006655,CUST000993,Tunaiku Mikro,10000000,6,25.99,2026-04-27,LUNAS,0,0,0,2026-06-01 09:00:00
LOAN0003240,CUST003641,Tunaiku KTA,5000000,3,14.92,2024-01-01,LUNAS,0,0,0,2026-06-01 09:00:00
LOAN0000460,CUST003328,SMB Invoice Financing,5000000,6,32.37,2022-09-30,LUNAS,0,0,0,2026-06-01 09:00:00
LOAN0006945,CUST001369,SMB Invoice Financing,25000000,6,30.5,2022-11-07,LUNAS,0,0,0,2026-06-01 09:00:00
LOAN0002735,CUST002694,Tunaiku KTA,2000000,6,18.12,2024-11-10,LUNAS,0,0,0,2026-06-01 09:00:00
LOAN0006045,CUST001948,Tunaiku Mikro,2000000,12,19.32,2023-01-19,LUNAS,0,0,0,2026-06-01 09:00:00
LOAN0001861,CUST002374,Tunaiku KTA,2000000,12,14.89,2024-07-07,LUNAS,0,0,0,2026-06-01 09:00:00
LOAN0002041,CUST003820,Tunaiku Mikro,2000000,6,13.14,2025-08-23,LUNAS,0,0,0,2026-06-01 09:00:00
LOAN0002161,CUST003357,Tunaiku Mikro,10000000,18,28.1,2023-01-05,LUNAS,0,0,0,2026-06-01 09:00:00
LOAN0005917,CUST000482,Tunaiku KTA,5000000,36,27.96,2025-02-24,LUNAS,0,0,0,2026-06-01 09:00:00
LOAN0006709,CUST004910,Tunaiku KTA,2000000,3,20.66,2022-11-16,LUNAS,0,0,0,2026-06-01 09:00:00
LOAN0001077,CUST000390,Tunaiku Mikro,2000000,36,21.23,2025-07-14,LUNAS,0,0,0,2026-06-01 09:00:00
LOAN0003367,CUST004792,Tunaiku KTA,10000000,6,26.02,2023-10-31,LUNAS,0,0,0,2026-06-01 09:00:00
LOAN0005378,CUST003673,Tunaiku Mikro,2000000,3,13.6,2023-05-01,LUNAS,0,0,0,2026-06-01 09:00:00
LOAN0001101,CUST002162,Tunaiku KTA,5000000,18,30.39,2024-08-16,LUNAS,0,0,0,2026-06-01 09:00:00
LOAN0001577,CUST001221,Tunaiku KTA,5000000,12,26.71,2026-03-01,LUNAS,0,0,0,2026-06-01 09:00:00
LOAN0003088,CUST001829,Tunaiku Mikro,10000000,12,21.9,2025-10-04,LUNAS,0,0,0,2026-06-01 09:00:00
LOAN0004036,CUST002933,Tunaiku KTA,2000000,24,16.37,2025-10-14,LUNAS,0,0,0,2026-06-01 09:00:00
LOAN0000761,CUST003785,Tunaiku Mikro,10000000,24,31.61,2024-11-14,LUNAS,0,0,0,2026-06-01 09:00:00
LOAN0001854,CUST002634,Tunaiku Mikro,5000000,36,32.06,2025-11-30,LUNAS,0,0,0,2026-06-01 09:00:00
LOAN0003841,CUST000675,Tunaiku Mikro,5000000,3,28.69,2023-06-20,LUNAS,0,0,0,2026-06-01 09:00:00
LOAN0004831,CUST000423,Tunaiku KTA,25000000,6,32.57,2024-12-10,LUNAS,0,0,0,2026-06-01 09:00:00
LOAN0004599,CUST000392,Tunaiku Mikro,25000000,12,23.67,2024-09-29,LUNAS,0,0,0,2026-06-01 09:00:00
LOAN0004292,CUST002717,Tunaiku Mikro,10000000,6,26.8,2024-04-11,LUNAS,0,0,0,2026-06-01 09:00:00
LOAN0000066,CUST001350,Tunaiku KTA,5000000,3,14.63,2024-10-19,LUNAS,0,0,0,2026-06-01 09:00:00
LOAN0000410,CUST001633,Tunaiku Mikro,25000000,6,29.64,2026-04-10,LUNAS,0,0,0,2026-06-01 09:00:00
LOAN0007333,CUST004720,Tunaiku KTA,5000000,6,24.53,2026-01-22,LUNAS,0,0,0,2026-06-01 09:00:00
LOAN0000481,CUST002070,Tunaiku KTA,2000000,24,31.18,2024-03-25,LUNAS,95,1,0,2026-06-01 09:00:00
LOAN0005107,CUST001342,Tunaiku KTA,10000000,36,35.59,2025-02-01,LUNAS,0,0,0,2026-06-01 09:00:00
LOAN0000240,CUST003941,Tunaiku Mikro,2000000,3,13.78,2023-12-25,LUNAS,0,0,0,2026-06-01 09:00:00
LOAN0002703,CUST001959,Tunaiku Mikro,25000000,6,35.45,2022-03-23,LUNAS,95,1,0,2026-06-01 09:00:00
LOAN0005136,CUST002343,Tunaiku Mikro,25000000,6,33.87,2023-04-03,LUNAS,0,0,0,2026-06-01 09:00:00
LOAN0002995,CUST003707,Tunaiku Mikro,2000000,6,16.31,2023-08-08,LUNAS,0,0,0,2026-06-01 09:00:00
LOAN0007140,CUST002818,SMB Invoice Financing,5000000,24,16.8,2023-09-15,LUNAS,0,0,0,2026-06-01 09:00:00
LOAN0007944,CUST000710,Tunaiku Mikro,2000000,3,20.26,2024-08-20,LUNAS,0,0,0,2026-06-01 09:00:00
LOAN0004152,CUST002772,Tunaiku KTA,10000000,6,32.76,2022-12-21,LUNAS,0,0,0,2026-06-01 09:00:00
LOAN0006280,CUST004798,Tunaiku Mikro,50000000,6,35.4,2022-08-19,LUNAS,0,0,0,2026-06-01 09:00:00
LOAN0005807,CUST004047,Tunaiku Mikro,5000000,6,26.94,2022-07-02,LUNAS,0,0,0,2026-06-01 09:00:00
LOAN0002863,CUST002363,Tunaiku Mikro,25000000,36,18.0,2024-11-15,LUNAS,0,0,0,2026-06-01 09:00:00
LOAN0000344,CUST002458,Tunaiku Mikro,10000000,6,35.65,2026-03-13,LUNAS,0,0,0,2026-06-01 09:00:00
LOAN0001807,CUST001564,SMB Modal Usaha,25000000,12,28.35,2024-12-19,LUNAS,35,1,0,2026-06-01 09:00:00
LOAN0005778,CUST003001,Tunaiku KTA,10000000,12,28.31,2022-04-15,LUNAS,0,0,0,2026-06-01 09:00:00
LOAN0000110,CUST001031,SMB Modal Usaha,2000000,6,35.96,2025-11-22,LUNAS,0,0,0,2026-06-01 09:00:00
LOAN0007122,CUST001325,Tunaiku Mikro,50000000,36,27.78,2024-07-06,LUNAS,0,0,0,2026-06-01 09:00:00
LOAN0002436,CUST001072,Tunaiku Mikro,5000000,6,33.49,2024-02-06,LUNAS,0,0,0,2026-06-01 09:00:00
LOAN0003558,CUST001856,Tunaiku KTA,10000000,6,28.42,2025-05-05,LUNAS,0,0,0,2026-06-01 09:00:00
LOAN0005645,CUST002644,Tunaiku KTA,2000000,24,18.07,2023-09-29,LUNAS,0,0,0,2026-06-01 09:00:00
LOAN0003248,CUST004499,Tunaiku Mikro,2000000,24,16.4,2023-11-27,LUNAS,35,1,0,2026-06-01 09:00:00
LOAN0003813,CUST001392,Tunaiku KTA,10000000,24,27.51,2023-05-18,LUNAS,35,1,0,2026-06-01 09:00:00
LOAN0004461,CUST001511,Tunaiku KTA,5000000,18,27.03,2024-04-30,LUNAS,0,0,0,2026-06-01 09:00:00
LOAN0004229,CUST000477,Tunaiku KTA,25000000,12,21.23,2022-05-27,LUNAS,0,0,0,2026-06-01 09:00:00
LOAN0001588,CUST002474,Tunaiku KTA,2000000,6,22.72,2025-12-23,LUNAS,35,1,0,2026-06-01 09:00:00
LOAN0004179,CUST001061,Tunaiku KTA,50000000,6,26.16,2022-01-31,LUNAS,0,0,0,2026-06-01 09:00:00
LOAN0004392,CUST002158,Tunaiku KTA,10000000,3,16.61,2025-12-22,LUNAS,0,0,0,2026-06-01 09:00:00
LOAN0007302,CUST001912,Tunaiku KTA,10000000,18,22.01,2023-03-15,LUNAS,0,0,0,2026-06-01 09:00:00
LOAN0003711,CUST004196,Tunaiku Mikro,2000000,18,34.04,2024-01-21,LUNAS,0,0,0,2026-06-01 09:00:00
LOAN0002194,CUST003215,SMB Invoice Financing,2000000,3,28.03,2025-02-07,LUNAS,0,0,0,2026-06-01 09:00:00
LOAN0000681,CUST000284,Tunaiku Mikro,25000000,6,31.42,2023-12-31,LUNAS,0,0,0,2026-06-01 09:00:00
LOAN0001332,CUST000341,Tunaiku Mikro,50000000,6,31.26,2025-09-05,LUNAS,0,0,0,2026-06-01 09:00:00
LOAN0006486,CUST000847,SMB Invoice Financing,25000000,24,29.64,2025-01-30,LUNAS,0,0,0,2026-06-01 09:00:00
LOAN0006943,CUST002708,Tunaiku Mikro,5000000,36,12.71,2025-09-26,LUNAS,0,0,0,2026-06-01 09:00:00
LOAN0001291,CUST003279,Tunaiku KTA,5000000,24,28.72,2023-02-16,LUNAS,0,0,0,2026-06-01 09:00:00
LOAN0005377,CUST001348,Tunaiku Mikro,5000000,18,27.59,2023-09-01,LUNAS,0,0,0,2026-06-01 09:00:00
LOAN0004571,CUST004541,Tunaiku Mikro,50000000,3,33.17,2023-05-23,LUNAS,0,0,0,2026-06-01 09:00:00
LOAN0007184,CUST001840,SMB Modal Usaha,10000000,6,30.03,2025-03-09,LUNAS,0,0,0,2026-06-01 09:00:00
LOAN0006364,CUST004809,Tunaiku KTA,5000000,36,16.63,2022-02-19,LUNAS,0,0,0,2026-06-01 09:00:00
LOAN0001047,CUST003846,SMB Invoice Financing,50000000,3,26.44,2025-03-17,LUNAS,0,0,0,2026-06-01 09:00:00
LOAN0003603,CUST000432,Tunaiku KTA,25000000,18,34.37,2026-03-10,LUNAS,65,1,0,2026-06-01 09:00:00
LOAN0002551,CUST002471,Tunaiku KTA,10000000,6,21.3,2022-12-26,LUNAS,0,0,0,2026-06-01 09:00:00
LOAN0001910,CUST002066,Tunaiku Mikro,2000000,36,30.92,2026-04-14,LUNAS,0,0,0,2026-06-01 09:00:00
LOAN0005784,CUST004589,Tunaiku Mikro,5000000,36,21.13,2024-04-29,LUNAS,0,0,0,2026-06-01 09:00:00
LOAN0005955,CUST000573,Tunaiku KTA,25000000,3,15.17,2023-09-10,LUNAS,0,0,0,2026-06-01 09:00:00
LOAN0007926,CUST000855,Tunaiku KTA,100000000,12,22.78,2024-09-17,LUNAS,0,0,0,2026-06-01 09:00:00
LOAN0007016,CUST003433,Tunaiku Mikro,25000000,6,23.71,2025-03-15,LUNAS,0,0,0,2026-06-01 09:00:00
LOAN0007350,CUST001862,SMB Invoice Financing,2000000,3,21.28,2024-04-28,LUNAS,0,0,0,2026-06-01 09:00:00
LOAN0002618,CUST000218,Tunaiku Mikro,5000000,12,12.33,2022-12-27,LUNAS,0,0,0,2026-06-01 09:00:00
LOAN0001963,CUST000216,Tunaiku KTA,10000000,3,20.05,2025-04-04,LUNAS,0,0,0,2026-06-01 09:00:00
LOAN0005659,CUST001960,Tunaiku Mikro,100000000,6,22.75,2025-05-22,LUNAS,0,0,0,2026-06-01 09:00:00
LOAN0005700,CUST001183,SMB Modal Usaha,10000000,6,16.15,2025-04-10,LUNAS,0,0,0,2026-06-01 09:00:00
LOAN0003888,CUST002761,Tunaiku Mikro,50000000,12,35.73,2024-10-28,LUNAS,0,0,0,2026-06-01 09:00:00
LOAN0001104,CUST004126,SMB Invoice Financing,100000000,24,30.91,2022-08-25,LUNAS,0,0,0,2026-06-01 09:00:00
LOAN0005116,CUST004483,Tunaiku Mikro,2000000,12,13.6,2024-11-29,LUNAS,0,0,0,2026-06-01 09:00:00
LOAN0001568,CUST002131,Tunaiku Mikro,2000000,36,31.74,2023-08-05,LUNAS,0,0,0,2026-06-01 09:00:00
LOAN0006309,CUST000127,Tunaiku Mikro,10000000,36,33.25,2025-09-29,LUNAS,0,0,0,2026-06-01 09:00:00
LOAN0003175,CUST000378,Tunaiku KTA,5000000,3,32.62,2026-03-22,LUNAS,0,0,0,2026-06-01 09:00:00
LOAN0002434,CUST001041,SMB Invoice Financing,100000000,6,34.46,2023-10-19,LUNAS,0,0,0,2026-06-01 09:00:00
LOAN0005468,CUST003720,Tunaiku KTA,2000000,12,22.51,2022-11-04,LUNAS,0,0,0,2026-06-01 09:00:00
LOAN0006594,CUST003848,SMB Invoice Financing,5000000,36,20.81,2024-11-09,LUNAS,0,0,0,2026-06-01 09:00:00
LOAN0006642,CUST002683,SMB Invoice Financing,25000000,3,29.41,2025-07-05,LUNAS,0,0,0,2026-06-01 09:00:00
LOAN0003975,CUST001015,Tunaiku Mikro,5000000,12,35.88,2023-09-04,LUNAS,0,0,0,2026-06-01 09:00:00
LOAN0007883,CUST004358,Tunaiku Mikro,50000000,12,25.53,2024-01-30,LUNAS,0,0,0,2026-06-01 09:00:00
LOAN0005210,CUST000264,Tunaiku KTA,5000000,24,29.4,2025-05-27,LUNAS,0,0,0,2026-06-01 09:00:00
LOAN0001194,CUST002491,SMB Modal Usaha,25000000,24,29.08,2025-02-14,LUNAS,65,1,0,2026-06-01 09:00:00
LOAN0003141,CUST002576,Tunaiku KTA,10000000,3,25.07,2026-02-11,LUNAS,0,0,0,2026-06-01 09:00:00
LOAN0000168,CUST003952,Tunaiku Mikro,5000000,3,35.44,2023-05-20,LUNAS,0,0,0,2026-06-01 09:00:00
LOAN0005145,CUST002439,Tunaiku KTA,50000000,18,26.63,2024-03-14,LUNAS,0,0,0,2026-06-01 09:00:00
LOAN0004455,CUST003198,SMB Modal Usaha,10000000,6,34.82,2023-04-16,LUNAS,65,1,0,2026-06-01 09:00:00
LOAN0002623,CUST001054,Tunaiku KTA,5000000,6,27.68,2022-01-03,LUNAS,95,1,0,2026-06-01 09:00:00
LOAN0003504,CUST004264,Tunaiku Mikro,25000000,12,29.89,2025-01-25,LUNAS,0,0,0,2026-06-01 09:00:00
LOAN0005743,CUST003553,Tunaiku KTA,5000000,3,25.87,2023-02-01,LUNAS,0,0,0,2026-06-01 09:00:00
LOAN0000881,CUST001446,Tunaiku Mikro,25000000,3,33.9,2024-09-12,LUNAS,35,1,0,2026-06-01 09:00:00
LOAN0002874,CUST000793,Tunaiku Mikro,5000000,18,30.11,2025-01-09,LUNAS,0,0,0,2026-06-01 09:00:00
LOAN0001462,CUST002283,Tunaiku KTA,2000000,18,29.1,2026-03-10,LUNAS,0,0,0,2026-06-01 09:00:00
LOAN0000802,CUST001142,SMB Modal Usaha,50000000,18,19.55,2026-01-31,LUNAS,0,0,0,2026-06-01 09:00:00
LOAN0003005,CUST002777,Tunaiku Mikro,2000000,24,22.66,2025-08-15,LUNAS,0,0,0,2026-06-01 09:00:00
LOAN0004311,CUST003925,Tunaiku KTA,10000000,3,28.94,2025-04-04,LUNAS,0,0,0,2026-06-01 09:00:00
LOAN0006998,CUST003574,Tunaiku Mikro,50000000,3,13.21,2023-12-03,LUNAS,0,0,0,2026-06-01 09:00:00
LOAN0007011,CUST002412,SMB Modal Usaha,50000000,12,32.47,2022-08-25,LUNAS,0,0,0,2026-06-01 09:00:00
LOAN0007014,CUST001070,SMB Invoice Financing,5000000,6,22.38,2022-08-10,LUNAS,0,0,0,2026-06-01 09:00:00
LOAN0005353,CUST002233,Tunaiku Mikro,10000000,24,29.28,2025-12-02,LUNAS,0,0,0,2026-06-01 09:00:00
LOAN0006549,CUST003679,Tunaiku Mikro,10000000,12,22.29,2026-04-09,LUNAS,0,0,0,2026-06-01 09:00:00
LOAN0006829,CUST001750,Tunaiku Mikro,10000000,12,16.52,2022-09-04,LUNAS,0,0,0,2026-06-01 09:00:00
LOAN0005507,CUST002653,Tunaiku Mikro,50000000,36,31.34,2024-03-19,LUNAS,0,0,0,2026-06-01 09:00:00
LOAN0003020,CUST000226,Tunaiku Mikro,2000000,18,28.94,2022-07-09,LUNAS,0,0,0,2026-06-01 09:00:00
LOAN0006881,CUST000854,Tunaiku KTA,25000000,24,21.32,2022-08-07,LUNAS,0,0,0,2026-06-01 09:00:00
LOAN0001095,CUST000564,Tunaiku Mikro,5000000,24,12.96,2022-12-03,LUNAS,0,0,0,2026-06-01 09:00:00
LOAN0004854,CUST003213,Tunaiku KTA,50000000,12,25.51,2023-05-03,LUNAS,0,0,0,2026-06-01 09:00:00
LOAN0002705,CUST003685,SMB Modal Usaha,10000000,24,35.99,2026-01-26,LUNAS,0,0,0,2026-06-01 09:00:00
LOAN0006331,CUST001734,Tunaiku Mikro,5000000,6,31.99,2023-06-11,LUNAS,35,1,0,2026-06-01 09:00:00
LOAN0004734,CUST001813,Tunaiku KTA,2000000,3,28.67,2022-04-05,LUNAS,0,0,0,2026-06-01 09:00:00
LOAN0000702,CUST004258,Tunaiku Mikro,50000000,6,18.1,2022-03-21,LUNAS,0,0,0,2026-06-01 09:00:00
LOAN0006619,CUST001609,SMB Invoice Financing,10000000,3,16.85,2024-08-10,LUNAS,35,1,0,2026-06-01 09:00:00
LOAN0000089,CUST003813,Tunaiku Mikro,5000000,12,34.37,2024-06-15,LUNAS,65,1,0,2026-06-01 09:00:00
LOAN0001169,CUST002419,Tunaiku Mikro,10000000,12,26.79,2022-01-01,LUNAS,0,0,0,2026-06-01 09:00:00
LOAN0005609,CUST004901,Tunaiku KTA,2000000,12,34.2,2023-07-21,LUNAS,0,0,0,2026-06-01 09:00:00
LOAN0000914,CUST003845,Tunaiku Mikro,50000000,6,34.73,2025-09-26,LUNAS,0,0,0,2026-06-01 09:00:00
LOAN0000238,CUST001792,Tunaiku KTA,2000000,3,32.68,2024-09-07,LUNAS,65,1,0,2026-06-01 09:00:00
LOAN0000173,CUST000847,SMB Modal Usaha,5000000,12,24.36,2023-04-12,LUNAS,0,0,0,2026-06-01 09:00:00
LOAN0006645,CUST002466,SMB Modal Usaha,25000000,6,20.05,2022-11-12,LUNAS,0,0,0,2026-06-01 09:00:00
LOAN0005953,CUST003941,Tunaiku Mikro,2000000,3,25.65,2025-08-04,LUNAS,0,0,0,2026-06-01 09:00:00
LOAN0007230,CUST000865,SMB Modal Usaha,25000000,12,28.58,2022-10-25,LUNAS,35,1,0,2026-06-01 09:00:00
LOAN0001953,CUST004691,SMB Modal Usaha,2000000,24,27.5,2025-12-04,LUNAS,0,0,0,2026-06-01 09:00:00
LOAN0004135,CUST001725,SMB Invoice Financing,25000000,36,17.34,2024-08-14,LUNAS,0,0,0,2026-06-01 09:00:00
LOAN0006816,CUST000941,Tunaiku Mikro,2000000,6,27.58,2023-04-22,LUNAS,0,0,0,2026-06-01 09:00:00
LOAN0003347,CUST003568,SMB Modal Usaha,25000000,24,33.57,2024-12-17,LUNAS,65,1,0,2026-06-01 09:00:00
LOAN0006220,CUST002078,SMB Invoice Financing,2000000,6,23.1,2024-05-27,LUNAS,0,0,0,2026-06-01 09:00:00
LOAN0001815,CUST000182,SMB Invoice Financing,25000000,24,28.05,2022-07-17,LUNAS,0,0,0,2026-06-01 09:00:00
LOAN0005474,CUST001027,SMB Modal Usaha,10000000,36,16.49,2022-01-31,LUNAS,0,0,0,2026-06-01 09:00:00
LOAN0005522,CUST001370,Tunaiku Mikro,10000000,12,16.81,2023-06-30,LUNAS,0,0,0,2026-06-01 09:00:00
LOAN0000283,CUST001540,Tunaiku Mikro,25000000,6,28.83,2023-06-21,LUNAS,0,0,0,2026-06-01 09:00:00
LOAN0002740,CUST004627,Tunaiku KTA,25000000,18,30.35,2022-06-02,LUNAS,0,0,0,2026-06-01 09:00:00
LOAN0003073,CUST000570,Tunaiku KTA,50000000,6,14.74,2023-06-06,LUNAS,0,0,0,2026-06-01 09:00:00
LOAN0007156,CUST003751,Tunaiku KTA,50000000,12,27.21,2025-05-07,LUNAS,0,0,0,2026-06-01 09:00:00
LOAN0005826,CUST004798,Tunaiku KTA,25000000,6,34.18,2022-08-18,LUNAS,0,0,0,2026-06-01 09:00:00
LOAN0006599,CUST003144,SMB Modal Usaha,10000000,12,19.63,2025-02-08,LUNAS,0,0,0,2026-06-01 09:00:00
LOAN0007708,CUST003433,Tunaiku Mikro,5000000,3,31.56,2023-04-17,LUNAS,0,0,0,2026-06-01 09:00:00
LOAN0001501,CUST004952,SMB Modal Usaha,10000000,6,18.59,2025-04-21,LUNAS,0,0,0,2026-06-01 09:00:00
LOAN0002679,CUST003245,SMB Invoice Financing,25000000,6,27.2,2026-03-08,LUNAS,0,0,0,2026-06-01 09:00:00
LOAN0000457,CUST004445,Tunaiku Mikro,50000000,12,19.32,2024-12-22,LUNAS,0,0,0,2026-06-01 09:00:00
LOAN0001808,CUST004798,Tunaiku Mikro,10000000,18,16.39,2023-05-04,LUNAS,0,0,0,2026-06-01 09:00:00
LOAN0001606,CUST004130,Tunaiku KTA,5000000,3,28.03,2024-05-19,LUNAS,0,0,0,2026-06-01 09:00:00
LOAN0005769,CUST000912,Tunaiku KTA,2000000,18,32.35,2026-02-07,LUNAS,0,0,0,2026-06-01 09:00:00
LOAN0002051,CUST000778,Tunaiku Mikro,10000000,6,35.72,2022-01-13,LUNAS,0,0,0,2026-06-01 09:00:00
LOAN0001036,CUST002368,Tunaiku KTA,2000000,6,27.89,2023-05-11,LUNAS,0,0,0,2026-06-01 09:00:00
LOAN0005728,CUST004653,Tunaiku Mikro,25000000,3,30.26,2024-08-11,LUNAS,0,0,0,2026-06-01 09:00:00
LOAN0006862,CUST003415,Tunaiku KTA,5000000,12,28.65,2026-02-21,LUNAS,35,1,0,2026-06-01 09:00:00
LOAN0006430,CUST001356,Tunaiku KTA,2000000,24,30.55,2025-07-19,LUNAS,0,0,0,2026-06-01 09:00:00
LOAN0003686,CUST003232,Tunaiku KTA,50000000,6,14.93,2023-02-24,LUNAS,0,0,0,2026-06-01 09:00:00
LOAN0005897,CUST004558,Tunaiku KTA,50000000,18,14.7,2022-04-01,LUNAS,0,0,0,2026-06-01 09:00:00
LOAN0001342,CUST003367,SMB Modal Usaha,25000000,24,35.49,2023-08-22,LUNAS,0,0,0,2026-06-01 09:00:00
LOAN0002511,CUST001940,SMB Invoice Financing,25000000,6,33.81,2023-10-11,LUNAS,0,0,0,2026-06-01 09:00:00
LOAN0000347,CUST002923,SMB Modal Usaha,2000000,3,31.86,2024-09-30,LUNAS,0,0,0,2026-06-01 09:00:00
LOAN0004354,CUST000769,Tunaiku Mikro,2000000,18,21.76,2024-07-21,LUNAS,0,0,0,2026-06-01 09:00:00
LOAN0006062,CUST002088,Tunaiku Mikro,2000000,18,27.55,2024-09-22,LUNAS,0,0,0,2026-06-01 09:00:00
LOAN0004723,CUST003803,Tunaiku KTA,2000000,36,25.84,2023-08-11,LUNAS,0,0,0,2026-06-01 09:00:00
LOAN0001245,CUST000741,Tunaiku KTA,2000000,36,32.05,2026-01-04,LUNAS,0,0,0,2026-06-01 09:00:00
LOAN0000858,CUST000030,Tunaiku KTA,5000000,18,15.93,2023-12-11,LUNAS,0,0,0,2026-06-01 09:00:00
LOAN0003384,CUST004361,Tunaiku KTA,2000000,24,32.82,2022-11-11,LUNAS,0,0,0,2026-06-01 09:00:00
LOAN0005750,CUST001190,SMB Invoice Financing,5000000,36,19.57,2026-03-06,LUNAS,0,0,0,2026-06-01 09:00:00
LOAN0005858,CUST002948,Tunaiku Mikro,50000000,3,16.12,2024-12-06,LUNAS,0,0,0,2026-06-01 09:00:00
LOAN0007187,CUST002755,Tunaiku Mikro,10000000,18,24.91,2025-08-16,LUNAS,0,0,0,2026-06-01 09:00:00
LOAN0004739,CUST003858,Tunaiku Mikro,25000000,18,25.45,2022-01-13,LUNAS,0,0,0,2026-06-01 09:00:00
LOAN0003037,CUST004198,Tunaiku KTA,5000000,12,12.78,2023-08-30,LUNAS,0,0,0,2026-06-01 09:00:00
LOAN0003080,CUST003764,Tunaiku KTA,2000000,12,18.03,2024-03-04,LUNAS,65,1,0,2026-06-01 09:00:00
LOAN0005951,CUST003547,Tunaiku Mikro,2000000,12,13.39,2024-03-23,LUNAS,0,0,0,2026-06-01 09:00:00
LOAN0001823,CUST001979,Tunaiku KTA,2000000,12,19.46,2023-02-11,LUNAS,0,0,0,2026-06-01 09:00:00
LOAN0006752,CUST001222,SMB Invoice Financing,5000000,6,27.63,2024-02-22,LUNAS,0,0,0,2026-06-01 09:00:00
LOAN0005676,CUST003673,Tunaiku Mikro,2000000,18,23.85,2022-12-26,LUNAS,0,0,0,2026-06-01 09:00:00
LOAN0004696,CUST002585,Tunaiku KTA,2000000,6,34.29,2025-09-09,LUNAS,0,0,0,2026-06-01 09:00:00
LOAN0005873,CUST001877,Tunaiku Mikro,10000000,6,28.11,2024-10-28,LUNAS,0,0,0,2026-06-01 09:00:00
LOAN0000146,CUST002809,Tunaiku Mikro,2000000,3,12.88,2022-05-26,LUNAS,0,0,0,2026-06-01 09:00:00
LOAN0006402,CUST004212,Tunaiku Mikro,10000000,3,17.91,2025-01-30,LUNAS,0,0,0,2026-06-01 09:00:00
LOAN0006569,CUST001603,Tunaiku KTA,2000000,6,29.43,2022-12-31,LUNAS,0,0,0,2026-06-01 09:00:00
LOAN0004074,CUST000910,Tunaiku KTA,10000000,3,28.34,2023-08-05,LUNAS,0,0,0,2026-06-01 09:00:00
LOAN0006962,CUST004658,Tunaiku KTA,10000000,6,14.47,2022-02-10,LUNAS,0,0,0,2026-06-01 09:00:00
LOAN0006696,CUST003582,Tunaiku KTA,100000000,36,15.78,2022-01-21,LUNAS,0,0,0,2026-06-01 09:00:00
LOAN0000571,CUST003312,Tunaiku KTA,25000000,6,28.27,2025-09-11,LUNAS,0,0,0,2026-06-01 09:00:00
LOAN0005960,CUST003291,Tunaiku Mikro,10000000,12,17.69,2022-03-30,LUNAS,0,0,0,2026-06-01 09:00:00
LOAN0006072,CUST002780,Tunaiku Mikro,5000000,3,17.33,2023-11-16,LUNAS,0,0,0,2026-06-01 09:00:00
LOAN0003708,CUST001997,Tunaiku Mikro,50000000,12,23.2,2023-01-14,LUNAS,0,0,0,2026-06-01 09:00:00
LOAN0000153,CUST001979,Tunaiku KTA,5000000,24,26.33,2025-10-29,LUNAS,0,0,0,2026-06-01 09:00:00
LOAN0007624,CUST000528,Tunaiku KTA,10000000,3,15.52,2026-01-02,LUNAS,0,0,0,2026-06-01 09:00:00
LOAN0001520,CUST001682,Tunaiku Mikro,2000000,3,17.26,2024-10-22,LUNAS,0,0,0,2026-06-01 09:00:00
LOAN0000768,CUST003427,SMB Invoice Financing,25000000,6,13.53,2023-01-26,LUNAS,0,0,0,2026-06-01 09:00:00
LOAN0001539,CUST000255,Tunaiku KTA,10000000,24,24.3,2023-02-27,LUNAS,0,0,0,2026-06-01 09:00:00
LOAN0003390,CUST002847,Tunaiku KTA,5000000,12,22.3,2023-07-03,LUNAS,0,0,0,2026-06-01 09:00:00
LOAN0001975,CUST002592,Tunaiku Mikro,25000000,3,29.04,2023-12-16,LUNAS,0,0,0,2026-06-01 09:00:00
LOAN0002921,CUST002083,Tunaiku Mikro,2000000,6,13.82,2023-01-01,LUNAS,0,0,0,2026-06-01 09:00:00
LOAN0001295,CUST003309,Tunaiku KTA,2000000,12,16.52,2022-05-06,LUNAS,0,0,0,2026-06-01 09:00:00
LOAN0005857,CUST004426,SMB Invoice Financing,5000000,3,29.62,2025-04-17,LUNAS,0,0,0,2026-06-01 09:00:00
LOAN0004880,CUST004252,SMB Modal Usaha,5000000,18,15.09,2023-01-11,LUNAS,0,0,0,2026-06-01 09:00:00
LOAN0004965,CUST000741,Tunaiku KTA,50000000,6,18.1,2024-04-04,LUNAS,0,0,0,2026-06-01 09:00:00
LOAN0001049,CUST001009,Tunaiku Mikro,25000000,6,29.1,2025-08-04,LUNAS,0,0,0,2026-06-01 09:00:00
LOAN0001455,CUST003429,Tunaiku Mikro,5000000,3,31.31,2024-05-23,LUNAS,0,0,0,2026-06-01 09:00:00
LOAN0003621,CUST000693,SMB Invoice Financing,5000000,12,25.14,2023-05-31,LUNAS,0,0,0,2026-06-01 09:00:00
LOAN0006996,CUST001058,SMB Invoice Financing,2000000,24,12.98,2025-06-05,LUNAS,0,0,0,2026-06-01 09:00:00
LOAN0002629,CUST000047,SMB Modal Usaha,10000000,36,26.89,2024-02-26,LUNAS,0,0,0,2026-06-01 09:00:00
LOAN0001603,CUST004596,Tunaiku KTA,10000000,6,23.97,2026-02-16,LUNAS,0,0,0,2026-06-01 09:00:00
LOAN0005364,CUST000541,SMB Modal Usaha,50000000,12,14.58,2024-12-09,LUNAS,0,0,0,2026-06-01 09:00:00
LOAN0005292,CUST001975,SMB Modal Usaha,25000000,6,33.23,2025-09-05,LUNAS,0,0,0,2026-06-01 09:00:00
LOAN0002268,CUST000655,Tunaiku Mikro,5000000,12,34.17,2024-12-04,LUNAS,0,0,0,2026-06-01 09:00:00
LOAN0002289,CUST004035,Tunaiku Mikro,2000000,18,14.9,2022-07-18,LUNAS,0,0,0,2026-06-01 09:00:00
LOAN0001695,CUST001578,Tunaiku KTA,5000000,18,26.68,2024-01-08,LUNAS,0,0,0,2026-06-01 09:00:00
LOAN0004744,CUST000535,Tunaiku KTA,25000000,12,34.65,2022-06-04,LUNAS,65,1,0,2026-06-01 09:00:00
LOAN0003690,CUST002600,Tunaiku Mikro,50000000,6,24.97,2025-02-07,LUNAS,0,0,0,2026-06-01 09:00:00
LOAN0004283,CUST004463,Tunaiku KTA,5000000,24,22.78,2026-04-29,LUNAS,35,1,0,2026-06-01 09:00:00
LOAN0003425,CUST001140,Tunaiku Mikro,50000000,18,24.84,2022-11-10,LUNAS,0,0,0,2026-06-01 09:00:00
LOAN0000696,CUST001623,Tunaiku KTA,5000000,36,18.02,2023-01-07,LUNAS,0,0,0,2026-06-01 09:00:00
LOAN0007342,CUST002408,Tunaiku KTA,5000000,3,32.26,2023-01-08,LUNAS,0,0,0,2026-06-01 09:00:00
LOAN0006715,CUST001950,Tunaiku KTA,10000000,3,20.49,2024-09-07,LUNAS,0,0,0,2026-06-01 09:00:00
LOAN0002228,CUST003975,Tunaiku KTA,25000000,6,14.89,2022-11-22,LUNAS,0,0,0,2026-06-01 09:00:00
LOAN0003076,CUST000671,Tunaiku Mikro,5000000,6,22.74,2024-09-24,LUNAS,0,0,0,2026-06-01 09:00:00
LOAN0006396,CUST002328,Tunaiku KTA,10000000,3,23.12,2025-09-19,LUNAS,0,0,0,2026-06-01 09:00:00
LOAN0005284,CUST003478,Tunaiku KTA,10000000,12,29.65,2025-05-11,LUNAS,0,0,0,2026-06-01 09:00:00
LOAN0006532,CUST003499,Tunaiku Mikro,5000000,6,12.45,2026-02-16,LUNAS,0,0,0,2026-06-01 09:00:00
LOAN0000656,CUST002089,Tunaiku KTA,10000000,3,25.37,2022-06-01,LUNAS,0,0,0,2026-06-01 09:00:00
LOAN0000792,CUST004434,Tunaiku KTA,25000000,6,25.46,2022-07-01,LUNAS,0,0,0,2026-06-01 09:00:00
LOAN0003239,CUST003367,SMB Modal Usaha,10000000,12,25.99,2023-03-26,LUNAS,0,0,0,2026-06-01 09:00:00
LOAN0006531,CUST003507,Tunaiku KTA,5000000,3,17.24,2025-09-03,LUNAS,0,0,0,2026-06-01 09:00:00
LOAN0002164,CUST004473,SMB Invoice Financing,25000000,6,35.75,2022-03-13,LUNAS,0,0,0,2026-06-01 09:00:00
LOAN0006507,CUST002278,Tunaiku KTA,5000000,12,26.55,2022-05-04,LUNAS,0,0,0,2026-06-01 09:00:00
LOAN0007281,CUST004383,SMB Modal Usaha,25000000,36,16.22,2025-09-14,LUNAS,35,1,0,2026-06-01 09:00:00
LOAN0001227,CUST004865,Tunaiku Mikro,2000000,3,15.33,2023-07-01,LUNAS,0,0,0,2026-06-01 09:00:00
LOAN0007408,CUST004780,Tunaiku Mikro,50000000,3,34.68,2022-11-03,LUNAS,0,0,0,2026-06-01 09:00:00
LOAN0002269,CUST001770,Tunaiku KTA,10000000,36,17.97,2022-08-12,LUNAS,0,0,0,2026-06-01 09:00:00
LOAN0002589,CUST000133,Tunaiku Mikro,25000000,3,18.17,2025-07-14,LUNAS,35,1,0,2026-06-01 09:00:00
LOAN9000001,CUST004328,Tunaiku KTA,10000000,12,24.0,2026-06-01,LANCAR,0,0,10000000,2026-06-01 10:00:00
LOAN9000002,CUST003929,Tunaiku KTA,10000000,12,24.0,2026-06-01,LANCAR,0,0,10000000,2026-06-01 10:00:00
LOAN9000003,CUST002746,Tunaiku Mikro,10000000,12,24.0,2026-06-01,LANCAR,0,0,10000000,2026-06-01 10:00:00
LOAN9000004,CUST002143,Tunaiku KTA,10000000,12,24.0,2026-06-01,LANCAR,0,0,10000000,2026-06-01 10:00:00
LOAN9000005,CUST002771,SMB Invoice Financing,10000000,12,24.0,2026-06-01,LANCAR,0,0,10000000,2026-06-01 10:00:00
LOAN9000006,CUST003617,Tunaiku Mikro,10000000,12,24.0,2026-06-01,LANCAR,0,0,10000000,2026-06-01 10:00:00
LOAN9000007,CUST004574,Tunaiku Mikro,10000000,12,24.0,2026-06-01,LANCAR,0,0,10000000,2026-06-01 10:00:00
LOAN9000008,CUST004232,Tunaiku KTA,10000000,12,24.0,2026-06-01,LANCAR,0,0,10000000,2026-06-01 10:00:00
LOAN9000009,CUST002339,Tunaiku KTA,10000000,12,24.0,2026-06-01,LANCAR,0,0,10000000,2026-06-01 10:00:00
LOAN9000010,CUST003743,Tunaiku Mikro,10000000,12,24.0,2026-06-01,LANCAR,0,0,10000000,2026-06-01 10:00:00
LOAN9000011,CUST000901,Tunaiku Mikro,10000000,12,24.0,2026-06-01,LANCAR,0,0,10000000,2026-06-01 10:00:00
LOAN9000012,CUST001755,Tunaiku KTA,10000000,12,24.0,2026-06-01,LANCAR,0,0,10000000,2026-06-01 10:00:00
LOAN9000013,CUST002265,Tunaiku Mikro,10000000,12,24.0,2026-06-01,LANCAR,0,0,10000000,2026-06-01 10:00:00
LOAN9000014,CUST000055,Tunaiku KTA,10000000,12,24.0,2026-06-01,LANCAR,0,0,10000000,2026-06-01 10:00:00
LOAN9000015,CUST004107,Tunaiku KTA,10000000,12,24.0,2026-06-01,LANCAR,0,0,10000000,2026-06-01 10:00:00
LOAN9000016,CUST004690,SMB Invoice Financing,10000000,12,24.0,2026-06-01,LANCAR,0,0,10000000,2026-06-01 10:00:00
LOAN9000017,CUST000469,SMB Invoice Financing,10000000,12,24.0,2026-06-01,LANCAR,0,0,10000000,2026-06-01 10:00:00
LOAN9000018,CUST002005,Tunaiku Mikro,10000000,12,24.0,2026-06-01,LANCAR,0,0,10000000,2026-06-01 10:00:00
LOAN9000019,CUST001665,Tunaiku KTA,10000000,12,24.0,2026-06-01,LANCAR,0,0,10000000,2026-06-01 10:00:00
LOAN9000020,CUST000819,Tunaiku KTA,10000000,12,24.0,2026-06-01,LANCAR,0,0,10000000,2026-06-01 10:00:00
LOAN9000021,CUST003887,Tunaiku KTA,10000000,12,24.0,2026-06-01,LANCAR,0,0,10000000,2026-06-01 10:00:00
LOAN9000022,CUST001672,SMB Modal Usaha,10000000,12,24.0,2026-06-01,LANCAR,0,0,10000000,2026-06-01 10:00:00
LOAN9000023,CUST001655,SMB Modal Usaha,10000000,12,24.0,2026-06-01,LANCAR,0,0,10000000,2026-06-01 10:00:00
LOAN9000024,CUST001440,Tunaiku Mikro,10000000,12,24.0,2026-06-01,LANCAR,0,0,10000000,2026-06-01 10:00:00
LOAN9000025,CUST004105,Tunaiku Mikro,10000000,12,24.0,2026-06-01,LANCAR,0,0,10000000,2026-06-01 10:00:00
LOAN9000026,CUST000734,SMB Modal Usaha,10000000,12,24.0,2026-06-01,LANCAR,0,0,10000000,2026-06-01 10:00:00
LOAN9000027,CUST001426,SMB Modal Usaha,10000000,12,24.0,2026-06-01,LANCAR,0,0,10000000,2026-06-01 10:00:00
LOAN9000028,CUST000299,SMB Modal Usaha,10000000,12,24.0,2026-06-01,LANCAR,0,0,10000000,2026-06-01 10:00:00
LOAN9000029,CUST001609,SMB Invoice Financing,10000000,12,24.0,2026-06-01,LANCAR,0,0,10000000,2026-06-01 10:00:00
LOAN9000030,CUST000707,Tunaiku Mikro,10000000,12,24.0,2026-06-01,LANCAR,0,0,10000000,2026-06-01 10:00:00
LOAN9000031,CUST001583,SMB Invoice Financing,10000000,12,24.0,2026-06-01,LANCAR,0,0,10000000,2026-06-01 10:00:00
LOAN9000032,CUST003255,Tunaiku KTA,10000000,12,24.0,2026-06-01,LANCAR,0,0,10000000,2026-06-01 10:00:00
LOAN9000033,CUST000321,Tunaiku KTA,10000000,12,24.0,2026-06-01,LANCAR,0,0,10000000,2026-06-01 10:00:00
LOAN9000034,CUST000341,Tunaiku Mikro,10000000,12,24.0,2026-06-01,LANCAR,0,0,10000000,2026-06-01 10:00:00
LOAN9000035,CUST004182,Tunaiku KTA,10000000,12,24.0,2026-06-01,LANCAR,0,0,10000000,2026-06-01 10:00:00
LOAN9000036,CUST002264,Tunaiku KTA,10000000,12,24.0,2026-06-01,LANCAR,0,0,10000000,2026-06-01 10:00:00
LOAN9000037,CUST000758,Tunaiku Mikro,10000000,12,24.0,2026-06-01,LANCAR,0,0,10000000,2026-06-01 10:00:00
LOAN9000038,CUST003756,SMB Invoice Financing,10000000,12,24.0,2026-06-01,LANCAR,0,0,10000000,2026-06-01 10:00:00
LOAN9000039,CUST002449,Tunaiku Mikro,10000000,12,24.0,2026-06-01,LANCAR,0,0,10000000,2026-06-01 10:00:00
LOAN9000040,CUST001504,Tunaiku Mikro,10000000,12,24.0,2026-06-01,LANCAR,0,0,10000000,2026-06-01 10:00:00
LOAN9000041,CUST003357,Tunaiku Mikro,10000000,12,24.0,2026-06-01,LANCAR,0,0,10000000,2026-06-01 10:00:00
LOAN9000042,CUST002531,Tunaiku Mikro,10000000,12,24.0,2026-06-01,LANCAR,0,0,10000000,2026-06-01 10:00:00
LOAN9000043,CUST004103,SMB Modal Usaha,10000000,12,24.0,2026-06-01,LANCAR,0,0,10000000,2026-06-01 10:00:00
LOAN9000044,CUST003962,Tunaiku Mikro,10000000,12,24.0,2026-06-01,LANCAR,0,0,10000000,2026-06-01 10:00:00
LOAN9000045,CUST000540,Tunaiku Mikro,10000000,12,24.0,2026-06-01,LANCAR,0,0,10000000,2026-06-01 10:00:00
LOAN9000046,CUST000286,SMB Invoice Financing,10000000,12,24.0,2026-06-01,LANCAR,0,0,10000000,2026-06-01 10:00:00
LOAN9000047,CUST004084,Tunaiku KTA,10000000,12,24.0,2026-06-01,LANCAR,0,0,10000000,2026-06-01 10:00:00
LOAN9000048,CUST003138,Tunaiku Mikro,10000000,12,24.0,2026-06-01,LANCAR,0,0,10000000,2026-06-01 10:00:00
LOAN9000049,CUST002861,SMB Modal Usaha,10000000,12,24.0,2026-06-01,LANCAR,0,0,10000000,2026-06-01 10:00:00
LOAN9000050,CUST003828,Tunaiku Mikro,10000000,12,24.0,2026-06-01,LANCAR,0,0,10000000,2026-06-01 10:00:00
LOAN9000051,CUST004189,SMB Invoice Financing,10000000,12,24.0,2026-06-01,LANCAR,0,0,10000000,2026-06-01 10:00:00
LOAN9000052,CUST004245,Tunaiku Mikro,10000000,12,24.0,2026-06-01,LANCAR,0,0,10000000,2026-06-01 10:00:00
LOAN9000053,CUST000087,Tunaiku KTA,10000000,12,24.0,2026-06-01,LANCAR,0,0,10000000,2026-06-01 10:00:00
LOAN9000054,CUST003390,SMB Modal Usaha,10000000,12,24.0,2026-06-01,LANCAR,0,0,10000000,2026-06-01 10:00:00
LOAN9000055,CUST000837,Tunaiku KTA,10000000,12,24.0,2026-06-01,LANCAR,0,0,10000000,2026-06-01 10:00:00
LOAN9000056,CUST003782,Tunaiku Mikro,10000000,12,24.0,2026-06-01,LANCAR,0,0,10000000,2026-06-01 10:00:00
LOAN9000057,CUST002159,Tunaiku Mikro,10000000,12,24.0,2026-06-01,LANCAR,0,0,10000000,2026-06-01 10:00:00
LOAN9000058,CUST000605,Tunaiku Mikro,10000000,12,24.0,2026-06-01,LANCAR,0,0,10000000,2026-06-01 10:00:00
LOAN9000059,CUST004126,SMB Modal Usaha,10000000,12,24.0,2026-06-01,LANCAR,0,0,10000000,2026-06-01 10:00:00
LOAN9000060,CUST000575,SMB Modal Usaha,10000000,12,24.0,2026-06-01,LANCAR,0,0,10000000,2026-06-01 10:00:00
LOAN9000061,CUST002740,Tunaiku Mikro,10000000,12,24.0,2026-06-01,LANCAR,0,0,10000000,2026-06-01 10:00:00
LOAN9000062,CUST001918,Tunaiku Mikro,10000000,12,24.0,2026-06-01,LANCAR,0,0,10000000,2026-06-01 10:00:00
LOAN9000063,CUST002540,SMB Modal Usaha,10000000,12,24.0,2026-06-01,LANCAR,0,0,10000000,2026-06-01 10:00:00
LOAN9000064,CUST002581,Tunaiku Mikro,10000000,12,24.0,2026-06-01,LANCAR,0,0,10000000,2026-06-01 10:00:00
LOAN9000065,CUST001586,Tunaiku KTA,10000000,12,24.0,2026-06-01,LANCAR,0,0,10000000,2026-06-01 10:00:00
LOAN9000066,CUST003056,Tunaiku KTA,10000000,12,24.0,2026-06-01,LANCAR,0,0,10000000,2026-06-01 10:00:00
LOAN9000067,CUST004672,Tunaiku Mikro,10000000,12,24.0,2026-06-01,LANCAR,0,0,10000000,2026-06-01 10:00:00
LOAN9000068,CUST001527,Tunaiku Mikro,10000000,12,24.0,2026-06-01,LANCAR,0,0,10000000,2026-06-01 10:00:00
LOAN9000069,CUST001204,Tunaiku KTA,10000000,12,24.0,2026-06-01,LANCAR,0,0,10000000,2026-06-01 10:00:00
LOAN9000070,CUST002729,Tunaiku Mikro,10000000,12,24.0,2026-06-01,LANCAR,0,0,10000000,2026-06-01 10:00:00
LOAN9000071,CUST002656,Tunaiku Mikro,10000000,12,24.0,2026-06-01,LANCAR,0,0,10000000,2026-06-01 10:00:00
LOAN9000072,CUST000468,SMB Invoice Financing,10000000,12,24.0,2026-06-01,LANCAR,0,0,10000000,2026-06-01 10:00:00
LOAN9000073,CUST001898,Tunaiku Mikro,10000000,12,24.0,2026-06-01,LANCAR,0,0,10000000,2026-06-01 10:00:00
LOAN9000074,CUST001716,Tunaiku Mikro,10000000,12,24.0,2026-06-01,LANCAR,0,0,10000000,2026-06-01 10:00:00
LOAN9000075,CUST002893,Tunaiku Mikro,10000000,12,24.0,2026-06-01,LANCAR,0,0,10000000,2026-06-01 10:00:00
LOAN9000076,CUST002146,Tunaiku KTA,10000000,12,24.0,2026-06-01,LANCAR,0,0,10000000,2026-06-01 10:00:00
LOAN9000077,CUST002521,SMB Invoice Financing,10000000,12,24.0,2026-06-01,LANCAR,0,0,10000000,2026-06-01 10:00:00
LOAN9000078,CUST004264,Tunaiku KTA,10000000,12,24.0,2026-06-01,LANCAR,0,0,10000000,2026-06-01 10:00:00
LOAN9000079,CUST004481,Tunaiku Mikro,10000000,12,24.0,2026-06-01,LANCAR,0,0,10000000,2026-06-01 10:00:00
LOAN9000080,CUST001269,Tunaiku Mikro,10000000,12,24.0,2026-06-01,LANCAR,0,0,10000000,2026-06-01 10:00:00
LOAN9000081,CUST002527,Tunaiku KTA,10000000,12,24.0,2026-06-01,LANCAR,0,0,10000000,2026-06-01 10:00:00
LOAN9000082,CUST001356,Tunaiku Mikro,10000000,12,24.0,2026-06-01,LANCAR,0,0,10000000,2026-06-01 10:00:00
LOAN9000083,CUST001733,Tunaiku Mikro,10000000,12,24.0,2026-06-01,LANCAR,0,0,10000000,2026-06-01 10:00:00
LOAN9000084,CUST000289,Tunaiku KTA,10000000,12,24.0,2026-06-01,LANCAR,0,0,10000000,2026-06-01 10:00:00
LOAN9000085,CUST002233,Tunaiku Mikro,10000000,12,24.0,2026-06-01,LANCAR,0,0,10000000,2026-06-01 10:00:00
LOAN9000086,CUST000226,Tunaiku Mikro,10000000,12,24.0,2026-06-01,LANCAR,0,0,10000000,2026-06-01 10:00:00
LOAN9000087,CUST003781,Tunaiku Mikro,10000000,12,24.0,2026-06-01,LANCAR,0,0,10000000,2026-06-01 10:00:00
LOAN9000088,CUST000388,Tunaiku Mikro,10000000,12,24.0,2026-06-01,LANCAR,0,0,10000000,2026-06-01 10:00:00
LOAN9000089,CUST004657,Tunaiku KTA,10000000,12,24.0,2026-06-01,LANCAR,0,0,10000000,2026-06-01 10:00:00
LOAN9000090,CUST000847,SMB Modal Usaha,10000000,12,24.0,2026-06-01,LANCAR,0,0,10000000,2026-06-01 10:00:00
LOAN9000091,CUST002111,SMB Modal Usaha,10000000,12,24.0,2026-06-01,LANCAR,0,0,10000000,2026-06-01 10:00:00
LOAN9000092,CUST002499,Tunaiku KTA,10000000,12,24.0,2026-06-01,LANCAR,0,0,10000000,2026-06-01 10:00:00
LOAN9000093,CUST001267,Tunaiku KTA,10000000,12,24.0,2026-06-01,LANCAR,0,0,10000000,2026-06-01 10:00:00
LOAN9000094,CUST003730,SMB Invoice Financing,10000000,12,24.0,2026-06-01,LANCAR,0,0,10000000,2026-06-01 10:00:00
LOAN9000095,CUST003811,Tunaiku KTA,10000000,12,24.0,2026-06-01,LANCAR,0,0,10000000,2026-06-01 10:00:00
LOAN9000096,CUST000893,Tunaiku Mikro,10000000,12,24.0,2026-06-01,LANCAR,0,0,10000000,2026-06-01 10:00:00
LOAN9000097,CUST000196,Tunaiku Mikro,10000000,12,24.0,2026-06-01,LANCAR,0,0,10000000,2026-06-01 10:00:00
LOAN9000098,CUST001809,Tunaiku Mikro,10000000,12,24.0,2026-06-01,LANCAR,0,0,10000000,2026-06-01 10:00:00
LOAN9000099,CUST004548,SMB Modal Usaha,10000000,12,24.0,2026-06-01,LANCAR,0,0,10000000,2026-06-01 10:00:00
LOAN9000100,CUST001061,Tunaiku Mikro,10000000,12,24.0,2026-06-01,LANCAR,0,0,10000000,2026-06-01 10:00:00
